學號,最高學歷畢業學校
92aS67fee,新店高中
d55S6d052,東山高中
03eS6e785,成功高中
d86S6c7fa,大同高中
41fS68fb4,中山女中
783S62a81,松山高中
223S63286,松山高中
105S60ba1,三重高中
b38S6c135,永平高中
4a7S6e060,松山高中
78fS6f8f5,桃園高中
c9fS6a7fa,新竹女中
d14S66856,竹北高中
b75S6fc4a,台中一中高中
acfS61e23,台中女中
d1bS60ac8,台中女中
859S68919,台中女中
431S6a392,嘉義高中
f1aS6aad6,嘉義高中
d75S6fb2d,台南女中
3b8S6c42b,高雄女中
bc2S6e7d2,高雄女中
9d3S6b2e4,鳳山高中
194S69827,高雄高中
45eS68ae9,高雄市立中正高中
d00S6f869,高雄師範大學附中
696S62418,高雄高中
82dS68b30,台中女中
433S6c019,建國高中
e7bS6853a,新竹女中
5faS67b77,中興高中
a39S637b3,彰化女中
683S6e9be,高雄師範大學附中
0cfS61e0e,高雄師範大學附中
16cS6d066,高雄高中
cf7S615da,新莊高中
198S695c6,鳳山高中
599S612e9,花蓮女中
852S6e023,高雄女中
2d1S6dbc9,嘉義女中
580S66fe5,和平高中
f6cS6f28a,成功高中
a67S6708b,成功高中
b63S6e541,延平高中
d33S65a1c,建國高中
9faS61d16,師範大學附中
f82S67243,大直高中
68cS60d53,中正高中
c03S60d79,中山女中
836S66dad,中山女中
31cS69f50,麗山高中
656S6cfc7,板橋高中
e14S62bcc,成功高中
163S62831,桃園高中
0f4S678a4,中壢高中
f1aS6019a,中壢高中
841S66c69,武陵高中
24eS63e2d,新竹女中
e42S6c70e,竹北高中
c18S6fac2,中興大學附中
6caS6ecc4,文華高中
d35S64140,台中女中
a40S6581d,文華高中
7d9S60433,曉明女中
a5fS63a08,文華高中
310S61f59,彰化女中
7feS63a73,嘉義女中
f9eS6bc6b,台南一中高中
b70S62557,道明高中
c62S60130,鳳山高中
8a5S6b85a,鳳山高中
b73S6af4e,屏東女中
194S6fb93,高雄高中
f1aS63b9b,文華高中
7f0S6af5f,政治大學附中
992S659b8,薇閣高中
587S6a232,台中女中
98dS68e3d,衛道高中
306S60dc3,彰化高中
f37S682f0,彰化女中
1a8S6b315,興國高中
70bS61fca,道明高中
ce8S64c8d,屏東女中
d20S6fd8d,台中二中高中
40fS62951,東山高中
164S65940,大同高中
0e4S61925,成功高中
8d8S69073,成功高中
94eS63f37,建國高中
fd3S6f87e,中崙高中
68cS6214c,中山女中
bddS6505a,新莊高中
a5eS6993a,第一女中
7e5S6b91a,松山高中
ef9S69c12,桃園高中
259S6759b,桃園高中
590S693c2,新興高中
c96S6456d,中壢高中
789S61723,新竹女中
183S6ae1a,新竹女中
74fS6014f,台中一中高中
9e0S6602c,文華高中
837S60a7c,台中女中
58fS6dd93,協同高中
40aS64241,精誠高中
cbeS6be9e,溪湖高中
6c8S6952f,斗六高中
b79S6e173,彰化女中
defS60b3e,嘉義高中
9abS6c9ad,嘉義高中
705S6bc81,台南二中高中
5ddS65c4d,台南女中
c0cS6e44f,高雄女中
912S6109b,高雄女中
0a1S6b084,鳳山高中
91bS64dad,高雄女中
e76S62b86,台中一中高中
c30S6f009,薇閣高中
ac9S6974a,啟英高中
6b7S6c1ab,台中女中
916S642b0,弘文高中
390S66217,華盛頓高中
04dS6e0c2,嘉義女中
d14S6c208,港明高中
5f7S6bd0b,高雄師範大學附中
ddbS62fa9,道明高中
496S64fb7,台中二中高中
e78S62992,內壢高中
9aeS65de3,松山高中
63bS6bbe7,松山高中
04aS68b21,松山高中
899S6003a,大同高中
77eS6bf12,和平高中
577S654d6,成功高中
0f1S69d3b,和平高中
5d9S6a659,大同高中
e67S66f93,成功高中
a89S63315,中崙高中
616S6fec1,明倫高中
314S6c4a8,中山女中
f8bS6086b,成功高中
09eS6e668,中崙高中
fa2S68b45,薇閣高中
532S6381f,中正高中
5e6S652a2,中正高中
7b7S61e42,中正高中
c8aS6c2ff,中正高中
394S65a6a,松山高中
82cS60f1b,中正高中
568S65d1a,景美女中
44bS612d6,中山女中
64cS61ab4,景美女中
4cbS6ef4f,內湖高中
1b5S60300,內湖高中
92dS6ac4e,南港高中
76cS69075,板橋高中
49fS65169,中和高中
6eeS67ab2,中和高中
ab0S64af0,松山高中
a62S607ff,景美女中
060S65725,中山女中
c97S62f14,大同高中
f22S6f16c,松山高中
838S603d0,中山女中
b74S670d5,中和高中
036S63aed,中和高中
cfcS64573,桃園高中
167S6461d,中壢高中
bdaS6cbec,中壢高中
c70S66c20,內壢高中
e2bS642b9,台中一中高中
10fS6f69a,彰化女中
ed9S6f19d,彰化女中
2bdS67be3,員林高中
d87S68c88,家齊女中
e3dS641d1,台南女中
f1aS6cc58,高雄女中
de6S6fb71,高雄女中
901S6b1ba,鳳山高中
8deS62964,高雄高中
7a6S68163,高雄高中
4d0S67c15,新莊高中
503S68855,屏東女中
1ceS6e42c,鳳山高中
7ebS6ac06,羅東高中
56eS6da93,羅東高中
2b8S6ce93,羅東高中
6f9S633b3,彰化女中
807S608ca,高雄女中
972S61c73,中山女中
0e0S6d0bf,惠文高中
ab7S63292,第一女中
5f4S6a7e3,中崙高中
127S65470,板橋高中
e6cS6ce89,板橋高中
43dS6292c,蘭陽女中
381S65a9e,蘭陽女中
d63S633c5,新竹女中
15fS633dc,彰化女中
db7S63588,彰化女中
29aS6f324,高雄高中
3c4S6916d,師範大學附中
913S6ee70,大理高中
3d1S66198,苑裡高中
311S65c7e,中港高中
fadS634da,家齊女中
5bdS6977b,師範大學附中
33dS6a3d4,師範大學附中
393S6e2fb,松山高中
36bS6f23a,松山高中
03dS675ad,師範大學附中
aceS6c515,松山高中
82eS6bfe3,松山高中
783S61cd8,松山高中
381S62aeb,師範大學附中
49bS619de,成功高中
102S6ea5a,建國高中
e03S6a6ed,延平高中
4c1S60104,南湖高中
647S6edcf,師範大學附中
680S6aa3f,景美女中
5a1S60617,中崙高中
030S65d2e,延平高中
21aS6440d,政治大學附中
a31S6499e,大直高中
bebS63c66,大直高中
c86S64c92,延平高中
749S6198f,中山女中
5a8S6a10e,第一女中
b8cS69ede,景美女中
b31S6037b,中山女中
eedS66654,板橋高中
170S6381b,板橋高中
f5eS681aa,板橋高中
2aeS69937,第一女中
86aS6a6ee,第一女中
ea9S6d2ae,中山女中
d31S6bf4b,板橋高中
7bbS60e38,中和高中
d97S60666,錦和高中
84aS60c59,景美女中
d64S671ab,政治大學附中
87dS6386d,中崙高中
c21S6da7c,政治大學附中
338S696f4,中壢高中
449S6f7ed,平鎮高中
046S6f645,中壢高中
db9S6d5fd,內壢高中
fe2S62ac0,新竹女中
ec0S6ed48,文華高中
7dfS65ea6,科學園區實驗高中
c26S65e12,惠文高中
de0S683f7,台中女中
776S65c6e,台中一中高中
8f8S649a6,文華高中
f52S679e9,大甲高中
862S6b74a,豐原高中
bcfS6a5d7,明道高中
79bS6ab90,斗六高中
952S6f7b6,斗六高中
bf1S60d9d,台南一中高中
044S641dc,台南女中
f21S6364f,台南二中高中
a4bS6fe01,台南一中高中
0beS67dd7,黎明高中
8f7S648aa,高雄女中
142S606c8,高雄女中
9feS639c5,高雄女中
f69S6d3dd,高雄師範大學附中
5a4S64812,羅東高中
f09S65625,南山高中
316S61db6,中崙高中
fb7S6fe58,台中女中
993S639d0,內湖高中
53aS6753a,大同高中
77dS665f8,政治大學附中
f07S62641,延平高中
ea0S6fd55,復旦高中
cd1S61585,清水高中
83fS6af35,員林高中
901S6a6d0,斗六高中
e80S6d748,台南女中
136S60c25,和平高中
a9aS6b002,南港高中
0a6S6f587,南湖高中
d21S69770,三重高中
87aS6cfc4,板橋高中
82dS648c2,平鎮高中
c05S6b0e5,彰化高中
689S67bde,大灣高中
49eS6bc3a,東山高中
1c8S6571c,和平高中
3b7S692e2,大同高中
d9dS63923,松山高中
3acS6c70c,和平高中
6f3S601d6,中正高中
6d3S69248,中正高中
44dS6731c,景美女中
856S67c22,中山女中
d2aS62659,內湖高中
a3aS69003,板橋高中
93fS696dc,明德高中
26fS6edc4,海山高中
354S6b08c,板橋高中
331S67869,新莊高中
214S61b42,成功高中
c71S6dcba,板橋高中
818S6a2b2,師範大學附中
90eS66a6a,平鎮高中
fd0S6ec8c,台中女中
ddfS6b189,台中二中高中
3ecS62e89,彰化高中
6e6S63f24,鳳山高中
9dfS65a6d,板橋高中
8b5S6ccf1,西松高中
3eaS60f67,大直高中
7afS63d71,二信高中
392S6f745,新竹女中
444S678d6,中興高中
ec4S6986c,正心高中
678S6ebbe,高雄高中
451S64ffb,基隆市立中山高中
fcfS6cfa2,林口高中
c37S61dbb,新興高中
f7fS6eee2,德光高中
268S65402,師範大學附中
c13S60ab5,和平高中
59aS68771,中正高中
351S67264,景美女中
53aS693c9,中和高中
516S68d7d,板橋高中
5cbS66caa,永平高中
aa5S6df07,武陵高中
71eS65b46,內壢高中
ffbS6223f,中壢高中
4faS6e6c9,台中女中
111S6db58,台南女中
a34S64f5a,台南一中高中
c50S6c87e,新營高中
3ddS6df62,高雄女中
389S6ddf6,鳳新高中
4a2S677d3,高雄女中
ca1S6be0d,鳳山高中
7ebS6fa5e,彰化女中
d6fS61c12,文華高中
d1dS694ff,政治大學附中
8f0S635d7,中和高中
f45S60feb,新竹女中
46eS66300,中興大學附中
53aS699b9,永豐高中
c68S62490,苗栗高中
0d7S68dfd,龍潭農工
2d1S6013c,松山高中
52bS608b4,松山高中
657S6abfe,大同高中
f8bS6f04c,大同高中
fa7S69465,中正高中
065S6886e,成淵高中
bf1S6678e,內湖高中
cf4S6dfba,清水高中
172S6f5d4,中山女中
ce1S671fd,建國高中
89cS63e86,新莊高中
0b9S6cf1e,中和高中
24bS6fb1f,板橋高中
f86S6e2a5,永平高中
82aS6ab64,建國高中
2a1S6e908,桃園高中
297S6afc3,武陵高中
564S62c47,中壢高中
da0S65cf5,平鎮高中
3f2S684db,武陵高中
7ceS68c73,中壢高中
61aS6cf7e,新竹高中
2a0S62d9e,建功高中
65fS6c177,成功高中
c0aS6c579,台中女中
f1bS65166,台中二中高中
0d4S6857e,曉明女中
3c3S6bf72,聖功女中
b80S64a9b,花蓮高中
757S6799a,花蓮高中
759S6574e,新莊高中
40bS6f627,新店高中
388S6a519,內壢高中
2a1S65ab5,中山女中
b89S659df,成功高中
421S6a495,彰化女中
f17S63913,嘉義高中
358S69002,馬祖高中
653S6280d,高雄師範大學附中
82eS647a2,新莊高中
02aS6fdcb,淡江高中
87aS69fe3,樹林高中
cb7S696c8,松山高中
ca7S6b5b6,松山高中
087S63385,新店高中
6a0S692b4,東山高中
4c1S60004,新店高中
e62S6307d,大同高中
05fS6e591,成功高中
6b2S62c8f,和平高中
f3cS659fd,松山高中
97dS6bbe5,明倫高中
114S6b424,明倫高中
beeS60b96,大直高中
280S6f6d0,中正高中
e2eS6a8ea,中正高中
322S67200,中山女中
f78S61be9,中山女中
455S6c98f,中山女中
37fS68322,中山女中
df0S66832,中山女中
bcfS6c80a,育成高中
f99S67c45,南湖高中
26eS6aad3,內湖高中
fdfS6a7ba,板橋高中
2fbS6323e,海山高中
4f3S6c734,新莊高中
12dS66dc8,中山女中
f96S61f01,成功高中
6d8S68881,內湖高中
6ecS6ab91,松山高中
cd5S6dd44,松山高中
119S612ea,大同高中
b5dS6f70b,格致高中
2b5S67526,松山高中
507S65eca,內湖高中
a5aS67e09,西松高中
08bS6fc68,桃園高中
ad3S63d2f,內壢高中
8deS6314a,桃園高中
61cS6872c,內壢高中
394S6a3ce,中壢高中
145S6f91d,台中女中
dddS6550a,台中二中高中
5e6S63134,明道高中
b4fS6f0d5,精誠高中
95aS66468,彰化女中
3acS66e58,台中一中高中
ad9S6bb3b,嘉義高中
bc2S6a582,新港藝術高中
62dS616b4,嘉義女中
3fcS689a0,嘉義女中
4bfS6c5dd,嘉義高中
0a3S6410c,高雄女中
091S64b82,高雄女中
fa9S63418,高雄師範大學附中
346S60c08,高雄高工
0dfS63dc7,羅東高中
e8cS6d228,宜蘭高中
bd0S63eef,台中一中高中
ea1S6e61f,和平高中
103S69d0a,南港高中
747S69f22,中和高中
025S69dc0,永平高中
96aS644d7,清水高中
621S6df92,蘭陽女中
daeS6d917,新竹女中
50dS63836,中興大學附中
f69S660fa,中興大學附中
985S6504e,家齊女中
5d4S63fe6,黎明高中
780S6a66a,鳳新高中
bccS6d0e3,金甌女中
617S6e8b7,木柵高工
2d5S64ee2,竹林高中
97dS64061,清水高中
ab4S651a4,新港藝術高中
f06S69e36,前鎮高中
adcS6ff74,屏北高中
ec4S613a3,松山高中
c9eS6ed4f,松山高中
5aaS60ebe,師範大學附中
a04S6c257,師範大學附中
13dS6d8bf,大同高中
534S616e4,永春高中
e1dS66a83,成功高中
956S631e2,永春高中
96fS6f35e,成功高中
127S66295,延平高中
1a1S69657,西松高中
0faS6b677,新店高中
5d1S69ca8,景美女中
a38S6375e,政治大學附中
1ddS6fa69,明倫高中
607S6b3a1,建國高中
041S657b4,中正高中
d87S6f351,景美女中
c9cS64454,中山女中
684S60d33,第一女中
25bS686df,中山女中
e6bS6596c,聖心女中
9d7S6562a,衛理女中
9ebS6b595,內湖高中
36bS67c60,內湖高中
2a8S642a3,內湖高中
380S6457c,第一女中
e81S600b2,松山高中
0c5S611ff,東山高中
57fS6e5a0,板橋高中
268S6ca97,大同高中
e11S6746d,中和高中
54bS6d429,松山高中
bcfS6c8dc,成功高中
8a3S6fe3f,中山女中
998S6e30f,景美女中
74eS6c382,景美女中
70cS67c8a,第一女中
e55S661a6,大同高中
077S6c461,桃園高中
733S6cd96,武陵高中
874S607dd,內壢高中
fdaS623bf,中壢高中
762S61c6e,中壢高中
51cS651d8,新竹女中
aeaS6e951,新竹女中
d44S695a7,明道高中
fc9S6f434,中興大學附中
25dS68a79,惠文高中
d43S630ee,台中一中高中
810S6e4a3,台中女中
c71S6429f,台中女中
eafS6e1b9,台中二中高中
3b4S6fc78,文華高中
f0dS6e68e,文華高中
7d2S66ce1,明道高中
a26S691e9,豐原高中
bf0S63410,明道高中
6d7S6f0fb,嘉義女中
cd1S66dbb,嘉義高中
e83S689ce,嘉義女中
958S6646a,台南一中高中
222S64487,台南女中
cd2S6d3ff,台南女中
c3fS66da8,新營高中
87dS63c49,前鎮高中
a7aS6a6c1,高雄師範大學附中
c47S65cba,鳳山高中
7a9S6955d,新莊高中
9dfS6bed9,羅東高中
9c6S6628f,花蓮高中
de6S60462,台中一中高中
5adS60a1c,中興大學附中
83eS6a8eb,中正高中
c1aS68d60,師範大學附中
7dcS6084f,中壢高中
dfdS60ce4,永春高中
337S6e7de,辭修高中
e9fS61231,內壢高中
4bcS674e9,竹東高中
c7eS6b75d,中興大學附中
7a2S63174,員林高中
258S6aad4,新莊高中
1e7S63ea7,景美女中
b9dS67de2,內湖高中
fa0S6450e,內湖高中
9a3S6cab8,成功高中
5ddS63d3d,麗山高中
013S668c8,延平高中
027S6ccea,啟英高中
3bbS6a72f,文華高中
202S6328a,協同高中
097S68db5,臺東高中
b87S62d02,松山高中
f0aS6034c,成淵高中
936S612c3,第一女中
034S64ab7,內湖高中
20aS6b56a,板橋高中
540S66b04,海山高中
ab5S6d825,第一女中
5abS6ae04,新莊高中
bbcS6b1e4,中山女中
5bbS6673c,中和高中
a65S64cd5,竹林高中
0f1S63fa7,武陵高中
16bS643d1,內壢高中
96bS6c69e,平鎮高中
586S63e66,新竹女中
91dS6c710,台中一中高中
326S64157,鳳山高中
66cS60a54,薇閣高中
d7dS6450f,成功高中
5faS64422,新竹女中
0cfS6fc02,台中女中
6c1S64837,高雄師範大學附中
ab7S66574,道明高中
791S65d29,成功高中
03eS6dbbb,成功高中
236S6f938,內湖高中
604S60821,中和高中
082S667b7,新竹女中
8f2S673db,衛道高中
419S6238d,彰化高商
bb8S6ee52,師範大學附中
b81S62783,延平高中
51eS64897,中崙高中
b0aS67291,大直高中
348S613ee,第一女中
61fS6443b,新莊高中
686S6e5d0,中壢高中
4caS6cbaa,中壢高中
974S674d3,中興大學附中
249S68e88,師範大學附中
9e9S6626b,松山高中
92bS64b52,西松高中
9b2S6ba62,成功高中
6adS6b863,成功高中
714S68b15,第一女中
151S6f163,延平高中
3dcS64bd1,成淵高中
219S649c0,成功高中
38dS6d197,景美女中
ee4S69f67,麗山高中
c02S6feee,復興實驗高中
32dS6b1e2,明倫高中
7e2S68ecd,中崙高中
263S64b26,薇閣高中
93cS662e2,中崙高中
1dcS6bad5,第一女中
e16S6d634,中山女中
b1fS62c28,中山女中
e02S6d947,第一女中
167S64f5a,中山女中
8b2S6f7e8,內湖高中
781S68208,中和高中
8a2S6ae9d,新莊高中
e6bS60649,華江高中
aacS66da9,景美女中
aa9S643f7,中和高中
438S66096,桃園高中
356S62bfc,中山女中
51eS63b43,復旦高中
901S60aaf,新竹女中
834S69bdc,新竹高中
a34S607dc,立人高中
fb8S68fd7,文華高中
973S6150f,台中一中高中
dadS621eb,文華高中
fd9S6f055,新營高中
5a4S651e8,興國高中
6c2S60c2c,鳳和高中
89cS6619c,高雄女中
b67S66f0f,高雄女中
9a2S64a3d,高雄女中
c96S69bd3,鳳山高中
e25S6ebd2,高雄師範大學附中
4d5S68d92,羅東高中
65cS698fa,景美女中
f17S6288d,薇閣高中
380S66f73,松山高中
7b4S61651,清水高中
03cS61329,黎明高中
b02S6e7b7,高雄女中
633S68beb,高雄師範大學附中
f22S60598,高雄女中
e15S6c813,花蓮女中
6efS601ac,中山女中
160S64f02,永平高中
09aS68aa8,建臺高中
12cS62865,高雄女中
c14S684c3,新竹高中
831S6534b,內湖高中
476S64ec7,明倫高中
a07S62124,新莊高中
bc0S60d2d,中和高中
e34S6b336,基隆高中
53dS63336,錦和高中
be1S6a115,南崁高中
b46S6c4e8,弘文高中
78fS69133,斗六高中
6c0S6e6ae,台南二中高中
eafT116c5,師範大學附中
ffeT17a6a,松山高中
b63T1b81e,師範大學附中
436T1795d,建國高中
95fT15139,內湖高中
7a6T18044,政治大學附中
4fbT10de5,成淵高中
aadT1afe0,中崙高中
2d2T1d735,中山女中
0deT1facf,板橋高中
5ffT17774,板橋高中
e14T1c26c,金陵女中
998T1f588,師範大學附中
fb2T18d47,中正高中
5d8T18743,桃園高中
4e6T1c3e5,桃園高中
034T10113,平鎮高中
b1bT16344,內壢高中
245T16e52,新竹女中
0ddT1e1ca,科學園區實驗高中
eb7T1af6e,台中一中高中
9ffT1219a,台中女中
792T1809f,中興大學附中
d8cT1f368,衛道高中
23eT1d324,台中女中
419T1feaa,嘉義女中
892T1f529,嘉義女中
e68T147f2,蘭陽女中
909T19d96,海星高中
dbeT18443,前鎮高中
5d4T120e2,成功高中
5ccT1612d,衛理女中
5eeT14358,中興大學附中
f90T1e3bc,高雄女中
5ecT16957,中正高中
970T1a45c,萬芳高中
645T150fb,華僑高中
1d4T13f56,光仁高中
b28T176f0,高雄市立三民高中
7adT11a8b,師範大學附中
ad0T1bac8,松山高中
7edT1789c,大同高中
52aT16bc0,大同高中
e42T19fa8,成淵高中
63dT17b1d,中崙高中
d6bT1e174,台北市立陽明高中
a2fT15d23,中正高中
c9eT1b964,大直高中
6a6T1e30d,景美女中
255T137bb,第一女中
a77T1748d,南湖高中
862T19b9c,板橋高中
2d0T1c561,松山高中
a59T1f444,松山高中
de5T1bd95,中山女中
971T18ebc,長億高中
f01T13c9e,文華高中
2f0T1c1d1,清水高中
ffeT10f2a,豐原高中
552T1cb83,高雄女中
589T1a30c,前鎮高中
619T12084,高雄女中
733T1cf78,高雄女中
0b6T1dfed,鳳山高中
2b7T1e7de,鳳新高中
0ccT19e9e,蘭陽女中
73bT13bed,松山高中
9e7T1dc4c,陽明高中
47aT15b02,花蓮女中
401T19f8a,蘭陽女中
fc2T1a93b,清水高中
5edT1f958,嶺東高中
dcaT172c2,東山高中
2ebT1008e,和平高中
cfdT108d5,大同高中
6b6T18c9a,永春高中
b1dT1dfb5,永春高中
ca2T1a389,中崙高中
99eT1e4ae,中正高中
acaT10a00,中山女中
774T1798b,中山女中
2c5T16914,第一女中
220T1a44c,中山女中
c25T1b73a,景美女中
5daT1e70f,中山女中
900T1cfc6,內湖高中
285T10f1a,內湖高中
1e4T1c5f9,內湖高中
28cT19ebf,明德高中
465T14101,松山高中
68cT10fb3,松山高中
999T1860a,板橋高中
98bT1e420,中山女中
101T13350,武陵高中
06eT181b9,台中女中
a79T1c1e1,文華高中
e30T119de,文華高中
188T1eba6,協同高中
52eT1632d,台南大學附中
ecaT1600f,高雄女中
7d0T14049,聖功女中
bc0T15ddc,海山高中
b4eT1e739,建臺高中
472T13e3a,台南女中
f8fT1a65d,馬祖高中
eb5T10ac7,高雄市立中正高中
8d4T16663,復興高中
aedT1a004,華江高中
d5bT12df4,竹北高中
d58T1ed3d,成功高中
2d2T1a73c,成功高中
c5aT1471f,大直高中
2c1T1aad6,再興高中
6d8T10ad3,成淵高中
edbT1fd20,大直高中
5cdT1e1fb,中正高中
82dT1cd51,中山女中
f85T1035e,中山女中
fdeT12cd1,板橋高中
c42T123c1,海山高中
34bT18eb8,中正高中
9dfT15e35,新莊高中
279T1a2f0,中和高中
16fT13399,景美女中
550T1e681,內湖高中
d1bT19a93,台中女中
203T1992d,台中女中
a6fT1b563,嘉義高中
fedT11f1f,高雄市立中正高中
f7bT116bd,花蓮高中
9f0T1c0d7,花蓮高中
8faT169c4,百齡高中
c9bT1431e,建國高中
9feT157b1,淡水商工
124T16bc7,斗六高中
47bT17398,東山高中
d7aT13956,華江高中
22eT1e5c9,景美女中
fe1T145ca,中山女中
145T1ee12,板橋高中
078T1062f,政治大學附中
2cbT1a2d6,建國高中
68fT19cda,桃園高中
bcaT1c741,台中女中
fd2T163b8,鳳新高中
d4dT10d95,鳳山高中
afdT1b7f3,政治大學附中
e9cT1fe7f,板橋高中
c48T18326,內湖高中
d0cT1934c,內湖高中
550T10944,大同高中
e12T1e2f0,成淵高中
ff2T1e264,東山高中
15dT1fe10,明倫高中
187T156cd,華江高中
47bT19686,中崙高中
a8aT13f93,海山高中
bd7T138be,海山高中
874T1f662,永豐高中
2b7T1a3e4,台中二中高中
e35T1ec14,文華高中
28aT12a6e,立人高中
85cT1b7bc,僑泰高中
57fT1e404,板橋高中
1e9T111b1,台北市立陽明高中
b81T121ae,新店高中
e79T1af9c,成功高中
f8bT1f75a,建國高中
fa0T18dec,第一女中
5afT17513,麗山高中
84aT1581c,中山女中
e47T1d71c,大同高中
324T17e62,新店高中
653T114cf,延平高中
dd0T16ef9,中正高中
5d3T19c04,永平高中
11bT10f63,竹林高中
c60T1fc83,中壢高中
216T1489f,中壢高中
7bfT15d03,中壢高中
21cT1b839,中壢高中
444T15a79,新竹高中
62bT12227,文華高中
e79T16889,台中一中高中
229T1c1be,衛道高中
600T18f00,第一女中
579T1fb4b,台南女中
044T1d5de,高雄女中
d4eT16717,建國高中
8c8T19c9b,建國高中
dbfT18810,松山高中
1a4T1e8bb,松山高中
f2fT14e71,復旦高中
a4fT1ea8c,港明高中
7dfT11cc9,大同高中
1caT1e1e3,高雄高中
9aaT17750,基隆女中
2eaT14839,立人高中
d81T1830d,僑泰高中
c9bT1c49a,新民高中
b90W967cb,師範大學附中
5faW9a535,成功高中
ffbW9721a,大同高中
9eeW90515,中崙高中
701W9e8f7,再興高中
b7eW90661,第一女中
f2dW9886f,第一女中
ed3W9bb40,薇閣高中
202W972c5,南湖高中
3f3W98004,內湖高中
7a2W9e752,大直高中
a4eW99bb9,板橋高中
4e3W9f22c,麗山高中
84bW93166,中壢高中
d0cW9eb2a,新竹女中
9b0W9407a,台中一中高中
429W98ada,台中女中
892W993e2,台中二中高中
95cW93285,明道高中
beeW9ea48,台南女中
fcfW993e2,台南一中高中
39cW99a63,瑞祥高中
ec1W9d3ee,高雄高中
b3aW9c8d1,高雄女中
6e2W90be1,曉明女中
1d8W91881,彰化高中
a71W9e854,文華高中
59fW9f2bc,成功高中
cd5W90df2,景美女中
e6eW9c457,景美女中
2e2W9814f,基隆女中
a79W9cd29,桃園高中
5d7W95c62,文華高中
0a1W9fb38,台中一中高中
769W99285,曉明女中
860W98100,台南一中高中
c71W9b6bb,高雄高中
767W9faf0,高雄高中
60eW93d23,高雄女中
28dW98559,港明高中
d44W99424,成功高中
cebW9a943,師範大學附中
778W9577f,成淵高中
ed4W904d2,復興實驗高中
3e4W95a65,景美女中
22dW93a49,第一女中
510W91c28,海山高中
2b3W9eabf,松山高中
d3eW9461a,第一女中
473W9a2d9,第一女中
16eW961c2,治平高中
bf0W9eec6,明道高中
2e1W9e2c2,衛道高中
e08W930c7,文華高中
2abW9c500,台中女中
07aW9ce1f,文華高中
1c5W9cab9,文華高中
c6fW906ad,彰化高中
604W953c8,台南女中
9efW9b7ca,長榮高中
995W9ab37,高雄女中
fdbW9e10a,高雄高中
091W9e340,台中一中高中
482W958cb,成功高中
50bW98f4b,中山女中
19dW93788,文華高中
91fW993e2,衛道高中
79dW96245,惠文高中
ed4W9f166,台中一中高中
207W927d4,中興大學附中
62fW9adf0,台中女中
976W9d7f5,立人高中
93eW976fc,台中女中
c41W9216f,曉明女中
916W96239,港明高中
98eW98b78,南光高中
56dW99bc8,花蓮高中
7bfW9e4b8,中壢高中
74eW91d00,員林高中
c49W9a4d2,台南二中高中
472W993e5,花蓮女中
90dW902cc,成功高中
108W92e8e,大同高中
49bW9d20a,建國高中
c56W9048e,景美女中
9bbW9f213,成淵高中
fd3W9b91e,景美女中
8c8W93c17,台中女中
479W9ee8e,文華高中
9efW9aea5,忠明高中
677W9f44d,中興大學附中
6cbW90c6f,台中女中
890W9c151,明道高中
bf9W9e2c9,彰化女中
435W9d268,彰化女中
684W94208,嘉義高中
2b6W9cd18,台南女中
f05W9e0d7,台南女中
eb7W90883,台南女中
541W9796d,台南一中高中
ae8W9a066,興國高中
662W9c5d9,高雄女中
157W98f26,高雄女中
426W95d84,高雄女中
9b1W992fa,高雄師範大學附中
891W9e86d,高雄師範大學附中
8aaW9fe39,鳳新高中
1c9W91fb8,新興高中
467W9d761,羅東高中
849W94355,高雄高中
bdbW97964,第一女中
512W92fd3,政治大學附中
b21W97b68,大同高中
453W9e079,松山高中
552W97592,武陵高中
630W9dec1,新竹女中
5f8W9e468,衛道高中
e5eW90f2a,中興高中
af9W9437b,彰化女中
895W94ffd,正心高中
89cW93dc4,港明高中
992W96406,興國高中
632W93071,高雄高中
8a1W92832,文華高中
8f9W97f42,道明高中
ea1W93b2c,師範大學附中
d7dW93835,師範大學附中
6d4W977ec,師範大學附中
061W9a906,西松高中
84aW90eac,松山高中
8fbW92670,中崙高中
b4dW9e0d7,延平高中
37fW91a52,和平高中
61aW98dce,政治大學附中
f87W9af53,松山高中
1b1W922ce,延平高中
b84W90592,大直高中
cb8W9ccec,中山女中
83aW992ea,景美女中
b9fW9361e,中山女中
a4eW995fb,景美女中
e43W9f2b9,中山女中
210W9a181,中正高中
266W925bf,薇閣高中
dc2W93c13,南湖高中
ae0W92d83,大直高中
57dW9e4b0,中和高中
98cW995bc,中和高中
da0W91c37,海山高中
b3eW9dc79,海山高中
3b2W91ab6,西松高中
1f2W9a999,二信高中
a22W96d87,基隆高中
c69W94fee,桃園高中
f3eW91f3e,中壢高中
a2eW99f1f,中壢高中
263W95a96,新竹高中
daeW91d01,新竹女中
82cW9ecc4,新竹女中
c7aW9fc33,中興大學附中
c22W933ee,中興大學附中
475W9db46,曉明女中
703W99474,台中女中
7b5W9c468,文華高中
5cfW91ea5,台中女中
c94W95d96,文華高中
d56W9b39e,文華高中
c1cW9ba5f,台中女中
f0aW93020,台中女中
045W9b3ed,文華高中
e0cW93723,台中一中高中
244W9f106,文華高中
6daW97d1b,清水高中
869W98213,文華高中
760W9a70b,文華高中
28eW9219a,彰化女中
b11W95373,彰化高中
abfW90db5,虎尾高中
4fbW9c40a,家齊女中
b99W9dd6f,台南一中高中
794W9b899,台南二中高中
29bW90d19,高雄女中
6e6W9cd7b,高雄女中
067W9e815,鳳山高中
7e6W91284,鳳山高中
116W9c72f,高雄市立中正高中
5ffW9929a,高雄女中
12fW97f6c,鳳新高中
b32W9742e,前鎮高中
61dW90b23,瑞祥高中
6b8W9780e,宜蘭高中
eb5W9ad62,蘭陽女中
9f0W9175a,宜蘭高中
bffW939fb,嘉義女中
a22W9628c,蘭陽女中
429W9f985,內湖高中
bf7W908d1,中山女中
64fW96011,內壢高中
fdaW943a0,啟英高中
da7W985f8,斗六高中
765W9f697,港明高中
3c4W9fe49,鳳新高中
e02W9b565,花蓮女中
fd7W9e260,金門高中
635W9637b,育成高中
129W91b42,泰山高中
492W93620,基隆女中
29bW9121b,龍潭農工
249W9977e,新竹高工
572W9be2a,旭光高中
323W996d6,前鎮高中
dc5W91e9b,鼓山高中
734W990d5,枋寮高中
000W9cb09,成功高中
c2fW923fe,建國高中
e7dW991bd,松山高中
7c1W9dd30,松山高中
498W93f5c,松山高中
ba0W9d513,建國高中
965W9f96f,建國高中
b32W92d60,大同高中
bd0W954b6,建國高中
63aW988fd,延平高中
fd8W94db6,東山高中
0dcW98ba4,和平高中
f58W9356b,政治大學附中
53eW90d29,薇閣高中
55dW98362,中山女中
aa2W9ee06,景美女中
f9fW9e880,第一女中
a78W9061e,景美女中
290W93e63,景美女中
081W91bd2,百齡高中
becW921da,南湖高中
594W9b28c,大直高中
8f8W969d8,板橋高中
d96W9dfa4,海山高中
7f2W934db,政治大學附中
a7dW95ce7,師範大學附中
8e3W926fd,大同高中
c26W98145,景美女中
219W9c7ba,桃園高中
e3aW94670,桃園高中
5bdW991d5,武陵高中
316W988a2,內壢高中
934W9fabc,內壢高中
6a6W92fa1,中壢高中
76cW9065e,武陵高中
091W96317,復旦高中
02fW95363,復旦高中
81bW97edb,新竹高中
3a0W90a9b,新竹高中
00bW9e2e6,新竹女中
aa0W904d4,新竹高中
8cdW9de98,文華高中
58bW9f681,衛道高中
120W9853f,台中女中
d68W9c30c,文華高中
28eW9da18,普台高中
b55W9a63f,台中一中高中
773W96fcf,正心高中
f1eW98b21,家齊女中
613W9837e,台南女中
21fW9cde7,黎明高中
28cW9e327,高雄女中
764W906bc,高雄高中
993W9930c,高雄高中
7f6W9f7bb,高雄高中
0b9W96d9f,宜蘭高中
b72W95e12,羅東高中
963W96fbd,薇閣高中
f32W9484b,板橋高中
98dW9ebcd,新竹女中
83fW9165d,新民高中
407W90db1,高雄師範大學附中
7ccW95b79,衛道高中
d24W9ef46,安康高中
a45W997d7,臺東女中
0e5W9f612,西松高中
613W91e69,延平高中
c6eW9a635,景美女中
e5bW93480,竹林高中
1cfW98eeb,台南女中
a67W9ea86,復興高中
017W94d9d,清水高中
973W9fef8,斗南高中
635W9f125,新豐高中
33fW96ef7,新化高工
73aW9e51e,新莊高中
228W9ad8f,左營高中
149W98cb5,羅東高商
8d6W9346c,松山高中
68dW9f96a,松山高中
041W9ae2f,成功高中
ebdW985c5,師範大學附中
b2eW91635,政治大學附中
99bW9ac17,成淵高中
7e2W9ae62,景美女中
175W99807,景美女中
402W9e908,中正高中
61cW91892,大直高中
b8fW96007,板橋高中
31aW937f6,板橋高中
b44W9a243,海山高中
b9cW96967,明德高中
d87W9ab59,永平高中
107W936f5,武陵高中
58dW9138e,師範大學附中
ec3W9713d,台中二中高中
d64W9ef6b,文華高中
62dW9bc61,嘉義女中
738W910cb,台南女中
e62W9783f,高雄女中
c6bW97e9f,建國高中
b26W9bbd1,新竹高中
ee0W9bff7,景美女中
2d5W978f7,成淵高中
e1dW95c00,麗山高中
1fbW99577,景美女中
824W94805,松山高中
728W9ba50,新竹女中
17dW97f9e,高雄市立中正高中
0c0W95f9d,羅東高中
fc5W98f3e,蘭陽女中
b3fW91007,蘭陽女中
71bW9c9ac,大理高中
6eeW95bae,萬芳高中
eb1W9423a,湖口高中
e13W9db0b,師範大學附中
b03W9ca8e,新店高中
fc4W94eac,建國高中
fe2W995d8,大直高中
089W93a56,中山女中
645W90916,中山女中
332W9270c,百齡高中
830W9da42,南湖高中
3dfW9de7b,中和高中
939W92fb1,新莊高中
42aW9c583,三民高中
96cW92d40,成功高中
65dW927d8,松山高中
4a9W932d3,中壢高中
50dW96dba,內壢高中
d14W9145a,惠文高中
853W95d76,西苑高中
4d5W949c6,台中女中
c42W9f2f1,文華高中
47cW957f0,豐原高中
dfaW93035,文華高中
9efW9b9f3,港明高中
848W95da4,高雄女中
424W9e13c,高雄市立中正高中
a29W98752,高雄女中
0d9W94a17,高雄高中
a75W9dce0,高雄高中
468W9603c,中和高中
155W94575,新竹女中
653W9838f,台南女中
9a2W904ba,台南女中
bf2W93883,道明高中
dc8W9fac8,馬公高中
86dW996dc,金門高中
981W9bdf3,淡水商工
354W975d7,林口高中
a08W92e25,平鎮高中
694W9d741,松山高中
c86W9883d,松山高中
036W93de6,松山高中
b98W97063,和平高中
f3fW9ecbb,政治大學附中
904W98803,第一女中
ef1W9a157,景美女中
8a9W9f755,台北市立陽明高中
622W91648,內湖高中
c0bW93728,中和高中
b67W9fc7c,內湖高中
4aaW99ed6,成功高中
a36W93323,中山女中
dfdW950e7,第一女中
febW9e858,永平高中
e9fW9434d,中正高中
443W91f0c,桃園高中
73bW9e6f4,武陵高中
d9dW9b800,新竹女中
17bW9f5a5,新竹女中
3a8W95ceb,衛道高中
238W90202,台中二中高中
ccaW985af,文華高中
e05W95fb7,彰化女中
c5dW965a6,彰化高中
d98W928d5,高雄高中
a28W97ac4,羅東高中
e56W99682,羅東高中
ad1W9b256,成功高中
becW938ac,薇閣高中
837W9288e,永平高中
690W964c5,中壢高中
1f4W98633,忠明高中
38fW92bb7,彰化高中
d4dW9b252,華江高中
c54W9f824,內湖高中
3d3W9ba79,三重高中
13cW932e5,中壢高商
52bW972ae,高雄市立中山高中
872W9872b,屏東女中
44bW9b171,師範大學附中
9a5W9320e,成功高中
c53W9ac55,師範大學附中
7e4W99d3f,成功高中
a5bW95cf0,永春高中
9a9W93616,師範大學附中
968W991ad,松山高中
28fW9d93a,大同高中
180W9405c,中崙高中
690W9146d,中崙高中
80eW9a179,中崙高中
193W9ed57,景美女中
8b8W9239d,師範大學附中
5dbW9a005,和平高中
91eW95caa,再興高中
d21W9bbd5,明倫高中
a0aW9b7e2,大直高中
b29W9f7a2,中山女中
5b9W952d5,中山女中
8c1W96a8f,第一女中
9c4W98f08,第一女中
294W9e27f,中山女中
a83W99b23,中正高中
132W92cc7,內湖高中
e8eW9207d,南湖高中
480W9722e,板橋高中
22bW98c4f,板橋高中
d3eW98fc6,板橋高中
643W97322,中和高中
b3bW9e229,板橋高中
0f0W97d80,板橋高中
8a9W951e8,板橋高中
9d2W9fe91,松山高中
4f4W98d00,新莊高中
cd7W94e93,三重高中
730W9a02f,中山女中
2e9W955fe,大同高中
940W94a7c,永平高中
567W9b7fd,中和高中
b38W9ea9f,師範大學附中
bbaW9f202,武陵高中
1e5W944d5,武陵高中
f64W93d1a,中壢高中
83aW970ea,武陵高中
832W930ba,啟英高中
1e4W9fd54,新竹女中
961W9c52e,新竹高中
a4aW95b7d,中興大學附中
ddcW955eb,中興大學附中
0d0W995d9,惠文高中
5a1W93b40,文華高中
033W92fd4,安康高中
471W947b0,衛道高中
242W9e859,台中二中高中
491W962da,文華高中
219W9e9ae,僑泰高中
559W972a7,文華高中
bb5W9271a,台中一中高中
af0W9fa0b,惠文高中
d1aW9b639,豐原高中
0b4W96ad0,中興高中
7a7W99b7d,正心高中
526W97055,台南一中高中
fb8W9900a,德光高中
f02W9e8a1,鳳山高中
615W9b195,高雄市立中正高中
47dW9fa0f,高雄師範大學附中
152W953c4,羅東高中
0afW9de65,羅東高中
5d9W9a60e,蘭陽女中
023W9c9e8,高雄女中
2baW98b5e,海山高中
05aW95c6c,板橋高中
05cW9ebb0,中崙高中
f3dW9c131,文華高中
0e3W93319,彰化女中
2daW9d8c7,虎尾高中
23dW9446b,協同高中
153W92366,台南一中高中
d54W99e2d,鳳新高中
65fW97328,羅東高中
f62W99e7f,花蓮女中
0ccW969aa,中崙高中
570W9d3ee,永春高中
ce5W94f22,格致高中
bd9W979c3,忠信高中
b4fW9aabd,建臺高中
1eeW91880,東海大學附中
6daW9aa46,虎尾高中
e50W9da31,師範大學附中
6beW9ec0d,師範大學附中
51fW9e3fe,成功高中
c10W98d25,成功高中
6cbW9ab12,大同高中
92cW98131,建國高中
f96W954f8,大同高中
7f2W9a7b9,西松高中
468W9a5f4,松山高中
142W9c741,中崙高中
f05W91a9f,成功高中
101W9aae3,明倫高中
6f8W91561,和平高中
de6W9f78f,政治大學附中
bb6W9ad47,成功高中
dc4W9f441,中山女中
4eeW9b90e,景美女中
0ecW99b8a,景美女中
01cW9f58b,中山女中
a67W91be3,中山女中
29bW955b2,景美女中
2c1W9c5d2,第一女中
bc7W9b455,第一女中
570W98613,中山女中
581W9669c,景美女中
236W9d4d3,中正高中
aecW98f5f,中正高中
be3W9642d,薇閣高中
fceW94a58,南湖高中
599W90349,南湖高中
ee0W941d2,南湖高中
3abW97d94,內湖高中
481W9677d,板橋高中
f7aW90ae7,板橋高中
b24W9d646,海山高中
7c7W9599d,建國高中
640W95282,板橋高中
268W992fc,板橋高中
1bcW9f5cb,永平高中
239W95dd4,錦和高中
b5bW921ed,第一女中
4bcW999c9,基隆女中
998W97f65,建國高中
6aeW948b7,桃園高中
c3aW92e9b,桃園高中
1a8W94029,桃園高中
69aW9d35f,武陵高中
56fW985ba,武陵高中
db7W9b80b,武陵高中
deaW9322b,武陵高中
e27W90901,武陵高中
5cbW90670,新竹高中
f50W96bca,新竹女中
0daW911e2,台中女中
a15W9b674,台中二中高中
e7dW9b22c,台中二中高中
821W9e0c0,台中女中
cdcW9028a,文華高中
c79W9efba,台中女中
4dcW981e5,僑泰高中
782W989d5,僑泰高中
cb2W9584e,彰化女中
df4W94c85,彰化女中
77dW931ee,台南二中高中
421W9a0d6,台南二中高中
34cW99d8e,台南一中高中
401W98153,台南一中高中
b71W98a9a,台南一中高中
5ddW9858e,興國高中
71cW9bb27,新營高中
2b0W98eca,高雄女中
957W930df,高雄師範大學附中
9f4W9dfed,高雄高中
925W9f735,曉明女中
e4bW9e0b1,高雄女中
6dfW95e48,武陵高中
127W9536b,麗山高中
80cW952c5,復旦高中
e73W92caa,台中一中高中
169W93316,松山高中
1f6W9296b,內壢高中
93eW91dbe,永豐高中
c76W94d93,精誠高中
b5cW978bc,嘉義女中
e05W9dd77,高雄市立中正高中
c35W97560,鳳新高中
645W9b942,高雄市立三民高中
e19W9e31a,師範大學附中
73bW9aad4,成功高中
139W93335,成淵高中
4e9W9284e,大同高中
be0W92808,桃園高中
ec4W94c27,武陵高中
f78W98968,中壢高中
13bW93ac5,復旦高中
c02W997ac,師範大學附中
2faW93258,建國高中
b1cW94928,大同高中
cfdW9d1f1,第一女中
1afW982e4,再興高中
6aeW9acde,景美女中
891W94b2b,景美女中
aa0W9124b,中正高中
d62W9019a,中正高中
774W9a4ab,內湖高中
0c2W96bf3,板橋高中
339W9fa4a,中和高中
bdaW92e5a,暖暖高中
4daW98490,南港高中
c5cW912a6,竹北高中
8efW9d0b3,台中二中高中
5f6W98c59,嘉義女中
3f4W9e9b3,長榮高中
ce5W9e3fd,台南一中高中
97aW9fea8,蘭陽女中
92cW9a49b,曉明女中
447W90c04,中壢高中
2fdW99e90,中和高中
569W9d7bd,永平高中
c87W99064,台中二中高中
857W9e21c,彰化女中
5b1W99296,台南女中
bf3W9d396,辭修高中
f34W9479a,南山高中
845W99923,興華高中
77eW9419f,新興高中
9cbW91d6e,蘭陽女中
06bW9a7c2,成功高中
f03W9caeb,大同高中
504W98378,第一女中
106W9b116,中興大學附中
64cW91f87,師範大學附中
79fW90031,新店高中
97fW95a6d,成功高中
b32W91593,建國高中
f75W942fa,建國高中
d3aW9dedc,建國高中
674W96b0a,中崙高中
974W9e7c1,松山高中
625W9da59,政治大學附中
b7fW925f1,建國高中
b4cW9d088,師範大學附中
366W90356,第一女中
19aW9acea,景美女中
52cW95007,第一女中
d9eW986ef,第一女中
d19W90e94,中山女中
3dbW9aa39,中山女中
f39W9c060,中正高中
7a3W93688,內湖高中
ec4W9eaaf,內湖高中
012W9fc49,麗山高中
5d1W933af,明德高中
3ceW99a2b,海山高中
07eW9b25c,建國高中
853W9705c,永平高中
d75W971a5,景美女中
99aW90c52,第一女中
707W92f86,武陵高中
996W9986e,桃園高中
c3eW9f9f3,新興高中
f21W9b734,中壢高中
30fW92454,新竹高中
d29W9a553,新竹女中
2c5W946a8,台中女中
9ebW95fd5,衛道高中
269W95a33,文華高中
48fW9ff98,台中一中高中
645W9a836,嘉義女中
3feW91e94,台南一中高中
c41W904fd,台南二中高中
9bfW90809,高雄女中
566W9bf77,高雄女中
f73W9423b,羅東高中
b0aW9e316,師範大學附中
2ceW97a49,台中市立東山高中
12aW94f74,台中一中高中
a68W925ad,清水高中
181W9eaa6,高雄師範大學附中
6beW90c19,松山高中
559W9a128,麗山高中
c3aW903b6,台南女中
367W99d0c,花蓮女中
2f4W904a2,花蓮高中
c48W9b18b,百齡高中
bbeW91fee,明德高中
a0dW9642e,香山高中
282W9ebdc,忠明高中
0d5W96cf3,台中二中高中
77aW99854,苑裡高中
2e2A185e7,師範大學附中
14cA1d858,師範大學附中
332A12a4a,松山高中
1d1A1af3a,延平高中
667A15039,政治大學附中
7c3A1132c,再興高中
742A12858,麗山高中
c38A11a67,中山女中
73cA1c087,第一女中
0bcA1d537,中正高中
06bA152a7,南湖高中
8d6A131fb,內湖高中
728A1ec53,中和高中
9c1A1f2cb,板橋高中
ef8A1a571,中和高中
0c0A1eee9,板橋高中
940A16021,清水高中
121A178be,成功高中
e48A1d120,南湖高中
37aA15a3d,桃園高中
ee0A10db3,武陵高中
386A15714,中壢高中
370A17910,中壢高中
b4eA1a16d,中興大學附中
94eA145ec,台中一中高中
096A19bf9,豐原高中
0f1A1df7f,彰化女中
6f6A16f56,正心高中
f41A17a88,嘉義女中
709A10d7b,台南一中高中
d26A14d01,明道高中
7d2A1c0bd,和平高中
21dA1b264,延平高中
430A10d6f,萬芳高中
cd5A1a81f,台北市立陽明高中
174A1f4d1,陽明高中
ef7A1fa8c,竹東高中
30fA125eb,大同高中
373A145a8,大同高中
cc0A1d8c8,中崙高中
4b8A1ebf0,台北市立陽明高中
acaA11213,第一女中
9edA1bf21,中山女中
7ddA1a19c,中山女中
7e7A168a0,內湖高中
1beA18c0e,明德高中
7b5A121de,新莊高中
de1A18557,台北市立陽明高中
578A1c426,內壢高中
4cdA1e9fa,惠文高中
52eA11a63,台中二中高中
de3A14149,文華高中
143A13827,文華高中
bf7A1cf80,文華高中
cefA109d3,文華高中
965A1f0e3,斗六高中
840A15556,家齊女中
2e4A1ade3,台南一中高中
2baA14cfc,瑞祥高中
734A14f7f,高雄高中
e2fA1c735,羅東高中
241A16f1f,二信高中
0acA11d3a,臺東女中
c8eA1527a,建功高中
957A16b0d,大同高中
dedA17a1f,育成高中
d10A1e0ff,中崙高中
589A1b9fc,政治大學附中
c1fA12f8f,第一女中
cb4A1834b,中山女中
b0fA1af67,中山女中
483A169a0,百齡高中
f42A1d41d,內湖高中
b48A1c0b7,板橋高中
222A1e64b,板橋高中
d36A1da3e,松山高中
01cA1a9a7,景美女中
f4dA1092c,基隆女中
015A1d1bb,武陵高中
e78A17146,中興大學附中
2a0A1672c,文華高中
461A15354,文華高中
791A16ba0,文華高中
1baA1fec5,台中女中
580A14d1e,普台高中
c3aA14a8b,正心高中
7cfA16f04,嘉義高中
b4cA1233e,台南女中
539A1c486,聖功女中
898A1a40a,鳳山高中
c1eA17aa7,鳳山高中
9d4A14b0b,高雄女中
d97A1ae74,高雄女中
442A10c48,台中女中
104A147e0,內湖高中
e9dA139e0,中興大學附中
e12A1e97a,新莊高中
68bA1ba08,清水高中
569A1776b,壽山高中
631A18b4e,豐原高中
633A1d357,永春高中
ba1A1b40a,師範大學附中
775A142ee,中崙高中
e4cA1dd15,政治大學附中
cd3A1ab85,師範大學附中
3e2A1d5ec,大直高中
97dA1ab25,內湖高中
f6cA1ef3a,師範大學附中
883A190de,新莊高中
bcaA105fb,松山高中
121A1dd4d,基隆女中
a3eA139d1,桃園高中
761A141af,武陵高中
4efA14957,中壢高中
e08A100ea,新竹高中
de9A14ff3,嘉義高中
14fA1558d,文華高中
63cA10e5e,高雄女中
799A163cb,高雄高中
c54A19b6b,新莊高中
af9A1b50f,武陵高中
dbeA1731a,臺東女中
a8eA13147,大直高中
185A122d4,西松高中
b37A13e87,中興高中
74dA13800,花蓮女中
e9cA1421b,師大附屬高工
699A18d09,基隆市立中山高中
d5fA1952a,桃園高中
a1fA168e6,衛道高中
e2eA1065c,松山高中
dadA12575,和平高中
b91A13ca9,中山女中
808A117e9,中正高中
4f0A13f35,桃園高中
d04A1efde,內壢高中
8b5A1b665,新竹女中
7d3A14267,惠文高中
38dA16d1b,長榮高中
ff5A1c6bf,大同高中
abaA1ac1b,松山工農
b06A108f1,麗山高中
41eA1fde6,內湖高中
3e5A1bf47,內湖高中
1e2A182fe,東山高中
22fA1e10c,板橋高中
730A18e4d,板橋高中
0aeA1ab40,永平高中
622A11009,永平高中
238A1e0ff,桃園高中
ab2A125e4,武陵高中
7aeA1aed9,陽明高中
fb6A1e778,內壢高中
d80A14c5f,武陵高中
906A1ea58,新竹女中
ef2A1764f,明道高中
a0aA1722e,惠文高中
880A155d0,高雄高中
f6fA14d17,聖心女中
011A14653,三重高中
e6fA145ad,建國高中
955A1af4e,松山高中
165A13af8,延平高中
4e9A10fdf,西松高中
2c7A1bc22,成功高中
399A19599,板橋高中
b3eA1a535,清水高中
73aA18778,板橋高中
81eA150e4,延平高中
9ecA1831d,板橋高中
1a9A1f092,桃園高中
9e6A1a1c3,武陵高中
aa3A1ca43,新竹高中
eadA1f3fa,新竹高中
65cA1f492,忠明高中
16dA175db,衛道高中
5e6A10679,台中一中高中
5c1A1345e,台中二中高中
37cA15ba5,中興高中
919A1aa8a,彰化女中
d68A1a042,高雄女中
663A10b8c,中崙高中
f2dA10ba3,和平高中
de9A13beb,中和高中
84bA1e39d,中和高中
952A12529,桃園高中
806A11dfe,啟英高中
fb0A123f5,新竹高中
81aA1139c,中興高中
83bA16dc7,慧燈高中
b79A191b7,宜蘭高中
edeA1f900,明倫高中
eb0A175c8,大甲高中
3ebA110c5,弘文高中
113A11197,育成高中
1cfA16489,內湖高中
95bA194a6,成功高中
fa9A1e7b0,成功高中
7b0A18c87,建國高中
565A195db,再興高中
344A1acb1,第一女中
0c6A18ead,延平高中
278A107e1,延平高中
69eA14170,麗山高中
659A1dfa8,延平高中
940A10245,板橋高中
e95A18a11,中和高中
dc3A1420d,中和高中
1e6A1af0d,板橋高中
b3bA171c5,桃園高中
71fA1d551,武陵高中
3d8A181ef,陽明高中
906A1c3d6,武陵高中
550A16760,台中一中高中
5b5A1c357,衛道高中
553A1894a,台中一中高中
90fA18b57,嘉義女中
d7eA19a18,台南一中高中
b8cA1db4f,道明高中
f78A1b97f,松山高中
effA1cf98,成功高中
af1A1baea,台中一中高中
5fcA11cfd,建國高中
525A1ec28,新竹高中
92aA1dbbf,大直高中
372A1ee5d,麗山高中
c96A1b11c,景美女中
413A16e29,成淵高中
0c2A19cc9,中山女中
cfcA10116,板橋高中
e48A17195,松山高中
f1eA173e7,永平高中
710A1d5e8,中和高中
3f3A18d9d,松山高中
41eA1bc75,桃園高中
413A12c38,桃園高中
2beA1f08b,桃園高中
d1eA16504,平鎮高中
a97A1b53a,中壢高中
09fA12c87,中壢高中
af8A1d0d8,內壢高中
9a6A12ae7,台中一中高中
543A15ec7,惠文高中
b2cA125bb,衛道高中
3a2A147b7,台中一中高中
b51A12c49,彰化高中
819Y1e51d,松山高中
63fY1fe6a,師範大學附中
6beY1d00a,建國高中
8dcY1313f,師範大學附中
724Y1d2fa,西松高中
31cY1038f,景美女中
86eY1f331,成功高中
954Y12b5c,師範大學附中
bbeY19fef,中崙高中
323Y1ebaf,桃園高中
b82Y167d6,桃園高中
039Y1928f,桃園高中
63fY1aa69,武陵高中
8baY10917,桃園高中
b25Y1cad4,台中一中高中
bcaY10b6f,台中一中高中
44dY1310b,文華高中
f87Y15742,正心高中
ca8Y144d0,南光高中
cffY12a2c,高雄女中
4acY12eb4,高雄女中
982Y111dd,高雄女中
ce6Y1c367,高雄高中
f93Y1de31,瑞祥高中
0e4Y113b7,羅東高中
40aY14809,蘭陽女中
28fY1bb03,新竹高中
7a0Y185f4,建國高中
21dY122e9,景美女中
c79Y1d587,景美女中
f89Y1339d,板橋高中
bc1Y134ba,成功高中
fd4Y189bc,文華高中
2adY17392,中興大學附中
18fY1a7b1,台中女中
fc0Y1c19c,彰化高中
a4dY109ec,彰化女中
0c5Y18d53,家齊女中
bbfY1158b,鳳山高中
c60Y1bf4b,高雄高中
e75Y17bc0,蘭陽女中
be1Y1ca83,成功高中
675Y1b305,中正高中
29aY18609,第一女中
a0cY16423,中山女中
39bY17aac,第一女中
f66Y131d6,板橋高中
751Y1c6f8,建國高中
3ddY121e3,武陵高中
a46Y1e0cb,建國高中
712Y170f3,武陵高中
d90Y171e3,新竹女中
b26Y1f29f,竹北高中
eafY1e312,中興大學附中
f07Y11c68,惠文高中
304Y13a1b,曉明女中
a18Y1e2d8,台中女中
7b0Y11fdc,員林高中
aa8Y17d5d,台南一中高中
3ddY11f1a,鳳山高中
c58Y16d2d,高雄女中
c3aY15199,高雄女中
192Y19802,鳳山高中
567Y16aa2,新莊高中
adfY16690,高雄高中
3e5Y1ded7,高雄師範大學附中
318Y14696,內壢高中
0c0Y10f0d,建國高中
47aY1cb1d,建國高中
3c8Y190b2,成功高中
deeY19349,斗六高中
bebY11994,嘉義女中
a3cY109c6,興國高中
e1cY1cee5,高雄女中
ab7Y11c3a,高雄女中
0e2Y1e58b,高雄女中
544Y1538c,惠文高中
31eY18e4f,中科實驗高中
763Y143cc,瑞祥高中
0c7Y1b1d4,師範大學附中
ed0Y1e167,師範大學附中
749Y14e2d,中山女中
87cY18ac3,中山女中
820Y1fb9b,松山高中
2e6Y1a2f4,竹林高中
448Y1304b,桃園高中
64cY17aca,桃園高中
0f3Y190c7,武陵高中
705Y1b81e,中壢高中
417Y15055,中壢高中
35fY17cbc,建臺高中
59bY1535c,台中女中
28bY19a0d,家齊女中
ca6Y18a8e,高雄女中
adaY17514,高雄女中
019Y147da,高雄女中
589Y19b53,鳳新高中
a91Y14574,高雄女中
f39Y16b28,蘭陽女中
bc5Y1fcb6,高雄師範大學附中
73aY156db,成功高中
eeeY144ff,成功高中
154Y1e381,成功高中
b5fY15d71,中崙高中
2f5Y16087,復興實驗高中
6ccY14e17,松山高中
9d8Y14017,大同高中
a90Y1d505,桃園高中
492Y1a17f,衛道高中
124Y14894,文華高中
cf4Y16bb9,台中一中高中
046Y1568a,虎尾高中
6bcY1b5a4,台南女中
f29Y11e4b,台南一中高中
0c6Y1fd80,中崙高中
f10Y12116,海山高中
3c1Y1c5c2,西松高中
88eY1abfb,明道高中
1e5Y1b1f2,大同高中
23bY1a998,大同高中
cdfY17c80,大同高中
c19Y12849,建國高中
173Y1b61d,成功高中
2f3Y10a32,延平高中
39eY1f1f4,延平高中
014Y1d28b,政治大學附中
154Y14f8b,政治大學附中
28cY1e725,和平高中
e3eY114b1,和平高中
bceY14cb2,景美女中
fe9Y1d8c2,景美女中
e78Y1cd85,中山女中
4bdY1759b,中山女中
981Y195a5,第一女中
634Y1ee8c,中崙高中
93bY1e577,海山高中
f61Y16cf5,海山高中
f73Y137f1,松山高中
a02Y1a384,景美女中
192Y1a960,建國高中
9c0Y13b05,第一女中
69dY1855d,大同高中
e85Y1d6f8,松山高中
c84Y10d98,大直高中
da9Y15b58,景美女中
3f2Y16616,永平高中
c7eY10624,中和高中
f32Y124be,基隆女中
fffY16a14,桃園高中
ffbY18b12,內壢高中
ca7Y166d9,武陵高中
13dY1b71b,新竹高中
890Y1e927,新竹女中
289Y1bf61,新竹女中
c90Y121ec,竹北高中
57fY19a3d,中興大學附中
8abY1bd2b,中興大學附中
8e2Y12831,忠明高中
3a3Y16367,台中一中高中
745Y12fbd,惠文高中
582Y17437,台中市立東山高中
e6cY1cbf9,台中二中高中
030Y1bb78,彰化女中
46fY123fd,台南女中
00eY10b4f,台南女中
43aY1a90d,台南一中高中
742Y1d7ac,鳳山高中
831Y13059,高雄女中
716Y1eb6d,高雄高中
c7eY1eb1c,宜蘭高中
6efY1e950,羅東高中
7b4Y19927,宜蘭高中
e4dY174a0,蘭陽女中
919Y1ca9a,建國高中
435Y17e7e,桃園高中
1adY15b76,中山女中
a1eY174a2,大直高中
6dfY16009,大直高中
a54Y1d054,師範大學附中
cffY17bc8,內湖高中
2ddY17b6a,中和高中
0e7Y159ce,中和高中
a8cY13661,新莊高中
093Y110b7,永平高中
1afY1d235,中和高中
d43Y1fa75,惠文高中
3a1Y19db0,斗六高中
d83Y1074d,屏東女中
f35Y1fe27,建國高中
a8aY10788,新莊高中
9a9Y106ce,花蓮女中
a0fY1927b,馬公高中
ebeY1a74d,百齡高中
ea1Y1613e,中正高中
b10Y1835f,方濟高中
3e1Y1b734,樹林高中
245Y157c7,辭修高中
e64Y1e902,林口高中
3b8Y13265,泰山高中
2b1Y1f5e7,桃園高中
77cY17ea4,壽山高中
cfdY1723f,龍潭農工
bfeY14f99,平鎮高中
15bY115d7,治平高中
8f7Y13a4d,竹東高中
c9bY1e758,湖口高中
4a1Y1c415,東海大學附中
eb8Y13556,中興高中
0baY138be,溪湖高中
cd6Y1fc16,斗南高中
dcaY113e2,第一女中
df2Y1fed6,師範大學附中
019Y1c2cf,成功高中
a7cY19d5b,成功高中
c4cY11a06,延平高中
d79Y19230,西松高中
9daY1e0c4,中和高中
4e9Y11d00,台中二中高中
cc0Y1cf17,嘉義女中
9f4Y15c87,建國高中
156Y1012a,大同高中
811Y14e4b,成功高中
4baY1e929,延平高中
cb6Y11bdb,政治大學附中
b35Y10361,再興高中
685Y14d9e,薇閣高中
513Y1cb94,中正高中
154Y17b9a,大同高中
de9Y1c8c1,內湖高中
461Y18b51,師範大學附中
a6bY10d06,東山高中
a8eY10d9c,和平高中
796Y15f8e,第一女中
aa3Y126be,中山女中
580Y1bea2,中山女中
4bcY174b2,第一女中
794Y1383d,景美女中
a3aY1b557,景美女中
31eY1f5b2,第一女中
70cY1cd90,中山女中
2ebY17f06,大直高中
e11Y1740c,板橋高中
655Y142c6,中和高中
d9bY1feef,板橋高中
f69Y1081e,海山高中
349Y10ea1,中山女中
1c5Y173a8,中和高中
a5eY1dd1c,成功高中
95eY1d869,中山女中
661Y166c6,永平高中
860Y11c2f,中和高中
cc9Y14ba4,基隆女中
08aY10706,基隆女中
313Y1d046,桃園高中
f40Y1dc8c,桃園高中
3eaY1ae5f,武陵高中
299Y14e99,中壢高中
7d5Y13cb9,中壢高中
ec2Y179a1,中壢高中
0b1Y18029,武陵高中
fe6Y1ff5f,新竹高中
4efY1f86e,新竹高中
b59Y17808,台中一中高中
711Y1da6d,明道高中
2c9Y10f38,台中一中高中
caaY147c9,台中女中
7e4Y1cc56,彰化高中
8a8Y1f781,斗六高中
30fY1e7af,嘉義高中
4d8Y11a1a,協同高中
fb9Y1d315,家齊女中
3baY19725,台南一中高中
c1aY17f13,台南一中高中
b01Y1b766,高雄高中
656Y1e252,南湖高中
786Y1ea60,板橋高中
d48Y16851,新竹高中
834Y16917,師範大學附中
201Y190b3,板橋高中
bc4Y17fb9,中正高中
14bY1aeae,新莊高中
262Y1d078,內壢高中
4fdY15418,台中女中
bc8Y1c7f5,新莊高中
7f0Y140d5,新莊高中
57cY1ab76,松山高工
38fY1d730,百齡高中
87bY12579,新興高中
516Y11cd9,平鎮高中
104Y18910,苗栗高中
321Y17ac9,立人高中
cf8Y1dc43,斗六高中
108Y1083d,虎尾高中
45aY111c0,宏仁女中
71aY1c614,新營高中
8afY105bb,師範大學附中
84eY156e4,延平高中
d09Y178c6,中山女中
922Y1b2f2,中正高中
d5eY128ef,中山女中
176Y16abf,景美女中
cedY10eca,中山女中
a90Y1294b,內湖高中
0e0Y1d8d7,大直高中
cceY1cdde,中崙高中
15bY17afe,中崙高中
42aY11f5a,板橋高中
3f3Y13903,新莊高中
36aY16102,新莊高中
165Y1f82b,武陵高中
dacY1464b,武陵高中
596Y11b4a,新竹高中
e7eY18c6e,文華高中
0d9Y1ba8c,文華高中
82bY1e2a3,正心高中
968Y1ba08,台南女中
d12Y16896,台南女中
e23Y127d9,新竹高中
500Y16237,師範大學附中
baaY1dd2a,板橋高中
8c8Y1ca61,花蓮女中
b30Y14286,馬公高中
717Y194f3,松山高商
203Y1d0c6,復興高中
57eY16460,東山高中
9fbY1599c,永春高中
747Y16582,板橋高中
652Y1a6eb,板橋高中
7e5Y1f8f1,板橋高中
daeY1f5e2,第一女中
6b7Y1776f,中壢高中
1cbY12c9f,中壢高中
3fbY13fcd,新竹女中
ca0Y12341,新竹高中
7f8Y1bd85,文華高中
d3fY11f7d,彰化女中
8d9Y14e62,鳳山高中
11dY151fd,高雄高中
37fY10558,新莊高中
059Y1edd8,羅東高中
5baY128a2,蘭陽女中
a54Y15343,宜蘭高中
a24Y1b2fd,新莊高中
d37Y1cde9,彰化高中
2a7Y1e85d,景美女中
ee8Y17102,新店高中
562Y1c534,馬公高中
408Y15d58,金門高中
e00Y1a2cd,華僑高中
5ccY17ec0,中壢高中
909Y142ea,大園國際高中
7e2Y1e2d8,竹北高中
657Y1d144,弘文高中
39eY12f42,忠明高中
651Y11630,楠梓高中
aa9Y1d337,大同高中
d6cY13f0a,大同高中
f56Y1d149,建國高中
46eY1fa42,建國高中
ccbY1d13b,建國高中
144Y1731a,成功高中
1ecY1814b,中山女中
50eY12738,松山高中
f71Y1d28b,板橋高中
e1aY1124c,中山女中
01bY1dcf0,成淵高中
824Y10308,大同高中
7c9Y1be0f,中山女中
3ceY1f13c,第一女中
187Y1835f,陽明高中
2a6Y11fdc,武陵高中
d37Y1f77b,中壢高中
487Y119b7,治平高中
eb4Y12bac,新竹女中
bf3Y12915,衛道高中
b58Y172f1,中興大學附中
450Y1be35,中興大學附中
fccY1f61b,文華高中
969Y1e41b,曉明女中
1ffY17587,台中女中
692Y15b74,彰化女中
47bY158ad,嘉義女中
b7fY1c5fa,台南女中
85eY1bdb0,高雄女中
071Y14517,第一女中
785Y131ae,中興大學附中
45bY17d0f,師範大學附中
12aY13a96,成功高中
943Y13aa9,麗山高中
1c7Y1b27a,台南女中
ee0Y177c9,高雄師範大學附中
7c0Y1409a,高雄高中
ae2Y13abd,宜蘭高中
ef8Y1c2e1,育成高中
21aY1b482,南湖高中
63aY1cf8e,永春高中
f2bY14c64,內壢高中
a49Y19af5,松山高中
557Y1332d,師範大學附中
ed3Y14e9b,大同高中
c86Y18f91,松山高中
936Y1165e,大同高中
c53Y1b99d,建國高中
669Y1d4c5,大同高中
8dcY1a969,松山高中
1f3Y12f1c,東山高中
1b6Y122e4,東山高中
a2eY1cbc8,成功高中
8f8Y1e650,政治大學附中
208Y1d09b,成功高中
f50Y18556,和平高中
0adY10697,和平高中
083Y13368,中山女中
a83Y100e3,中山女中
32cY1240a,中山女中
965Y17925,中山女中
689Y1b836,景美女中
579Y14776,內湖高中
ce6Y1d094,南湖高中
3ebY199d8,大直高中
c2bY18f90,中崙高中
e3dY19008,麗山高中
f33Y139f5,板橋高中
c81Y1f0a5,板橋高中
36dY13bcc,海山高中
c7dY185a8,松山高中
33aY1a627,板橋高中
05eY1eef7,板橋高中
fdfY10261,松山高中
ac8Y15362,台北市立陽明高中
526Y18c73,大同高中
36cY11010,景美女中
38fY1351e,中山女中
308Y1bbdd,桃園高中
986Y1cfaf,內壢高中
a17Y163cb,中壢高中
c09Y1dc4f,台中一中高中
4e8Y1b2ec,文華高中
4daY1978f,文華高中
27cY134e7,台中女中
11dY1ac5e,台中一中高中
3caY16b1c,台中女中
911Y1912a,台中女中
e52Y191d7,文華高中
7ceY1001c,文華高中
9a6Y156a6,文華高中
fa1Y1808f,中興大學附中
624Y1b7e7,中興大學附中
682Y155db,台中一中高中
e71Y1761b,彰化女中
049Y15ac4,彰化女中
faeY1d276,斗六高中
f67Y148b3,台南女中
bf1Y1e666,台南女中
edfY1efb8,鳳山高中
d4dY18ef1,鳳山高中
f9bY10304,高雄女中
734Y128a5,高雄高中
2c1Y1c50e,鳳山高中
880Y1a2fb,新竹女中
475Y19148,大同高中
f5cY100c8,大同高中
d21Y1e945,成淵高中
d80Y1eb20,中山女中
9ebY1f5c2,麗山高中
7fbY1ecee,板橋高中
0b6Y1a6d5,中壢高中
84dY16246,中興大學附中
0c7Y195e2,中科實驗高中
5d3Y1ca8e,台中女中
457Y19999,台中女中
ffeY1d24b,家齊女中
786Y17b16,鳳山高中
387Y1db28,花蓮高中
47aY1a9fe,萬芳高中
886Y13987,南崁高中
b46Y13928,陽明高中
799Y15043,復旦高中
8e6Y19ced,西苑高中
61cY15c14,台南二中高中
54fY1bb24,前鎮高中
249Y1c38a,慧燈高中
62eY1490b,花蓮女中
966Y19d83,建國高中
055Y1f728,建國高中
0fbY197e4,建國高中
4caY1cedd,松山高中
891Y16643,松山高中
012Y1b121,大同高中
58bY13df5,東山高中
356Y13499,成功高中
c15Y10b93,和平高中
425Y1985a,成功高中
3abY15ec1,成功高中
f70Y1beb3,景美女中
3a7Y109bb,新店高中
784Y16e25,華江高中
6efY13f8a,中正高中
67dY1dae1,成淵高中
d56Y151e7,景美女中
5a5Y1afa6,景美女中
9b4Y1b896,中山女中
cd7Y134c9,景美女中
5daY18356,第一女中
554Y165f6,景美女中
fe4Y10141,中山女中
167Y1b427,景美女中
74fY12784,中山女中
2a6Y1ea94,第一女中
020Y13fcb,中山女中
433Y18339,內湖高中
364Y1969d,內湖高中
da8Y13496,內湖高中
bfaY1c252,大直高中
222Y1cb09,建國高中
8e5Y1d4c5,中和高中
3afY1c27e,板橋高中
a17Y176a6,板橋高中
0beY183ef,海山高中
f45Y1b7e4,永平高中
70fY1dbdf,竹林高中
3f8Y1f2e2,暖暖高中
f44Y11587,武陵高中
d1bY1e76f,桃園高中
066Y11bcc,東山高中
f8fY17849,武陵高中
7e8Y1b086,中壢高中
f92Y1993c,竹北高中
89aY1feeb,中興大學附中
0ccY197e8,台中女中
158Y1c419,清水高中
806Y122e2,豐原高中
da8Y10f34,彰化女中
9c9Y112f0,彰化女中
5d2Y12bb4,嘉義高中
b74Y152f4,台南二中高中
55eY1b5de,台南一中高中
0f6Y12178,鳳新高中
b22Y1dedc,高雄女中
019Y123de,高雄女中
b50Y12b0a,羅東高中
3d2Y14222,羅東高中
355Y11e90,衛道高中
bb0Y13781,宜蘭高中
fe7Y15301,大同高中
488Y1b121,中山女中
b3eY1ebc4,大同高中
537Y17293,和平高中
c20Y1debf,華興高中
140Y13299,新莊高中
27bY17ebe,景美女中
472Y1c073,基隆女中
2a9Y17b54,啟英高中
d2cY19633,大華高中
9a9Y1c895,中興大學附中
2ebY1c121,豐原高中
86aY1b6b6,南光高中
2d1Y16109,興國高中
97bY14333,陸興高中
2c2Y11c6e,建國高中
409Y14db3,成功高中
565Y1f9c4,成淵高中
d01Y1ad28,師範大學附中
fe9Y12850,中山女中
fcdY1bb14,大華高中
f31Y17158,台中二中高中
0d0Y1cd25,瑞祥高中
c72Y14ccb,松山高中
4daY11707,明倫高中
ce8Y1a00c,建國高中
e89Y17f2d,和平高中
7c4Y1aaf9,建國高中
62eY1f6aa,中山女中
c51Y17f71,內湖高中
490Y1566e,建國高中
36aY1cdc7,板橋高中
d98Y10843,中和高中
e9eY15e06,海山高中
599Y16b3e,桃園高中
a1aY1ac91,曉明女中
318Y1aa9a,嘉義高中
aafY10e7a,鳳山高中
16fY18c98,高雄師範大學附中
8e4Y145ad,新莊高中
a42Y11301,第一女中
b13Y1c4b1,成功高中
223Y1cf16,新竹女中
c3cY1d3a7,曉明女中
ca8Y1230f,大直高中
71fY1e69b,成功高中
e31Y13c19,師範大學附中
2d2Y19497,松山高中
b8dY12b97,建國高中
146Y1ee7d,內湖高中
1adY17846,鳳山高中
e38Y1e61f,金陵女中
67cY1b550,南山高中
c33Y18e28,建功高中
ec3Y18781,新莊高中
24cY1ca97,中崙高中
226Y1edd3,台南一中高中
72eY1ad8e,松山高中
379Y198bf,師範大學附中
a27Y1e34e,松山高中
2f8Y13854,師範大學附中
d8aY12676,薇閣高中
b30Y1b01e,政治大學附中
b40Y14716,成功高中
9e1Y1b16c,成功高中
943Y1d1d7,大同高中
ef2Y1ff5d,第一女中
182Y18d79,西松高中
7cbY1a9f8,西松高中
8f5Y15395,中山女中
dfdY1848e,景美女中
8fbY1e864,景美女中
668Y1a733,景美女中
07bY156cd,中山女中
9edY14096,第一女中
f6bY1cb39,中山女中
536Y1e737,內湖高中
84dY1ea1e,大直高中
e3cY1d820,中崙高中
d29Y1a6e4,中崙高中
080Y14a1a,板橋高中
e6fY1fdf5,成淵高中
afdY14f14,板橋高中
aeeY16e1a,海山高中
846Y14642,景美女中
10dY19aa4,陽明高中
549Y1556b,桃園高中
397Y14162,松山高中
a02Y126b8,武陵高中
438Y10412,竹北高中
db2Y107d1,中興大學附中
d50Y14164,文華高中
e26Y1c018,台中市立東山高中
8aaY1af69,曉明女中
d37Y18dc6,西苑高中
916Y12f25,彰化高中
711Y1f082,彰化女中
6a7Y1ccc3,家齊女中
5f7Y18af4,鳳山高中
b4fY1816f,海星高中
a79Y1f7ef,新竹高中
26dY14844,彰化高中
a39Y1b54b,高雄女中
ce0Y1224c,和平高中
a4bY1f332,中正高中
a78Y1ed83,中和高中
7b5Y158e2,中壢高中
0aaY18038,大直高中
e78Y1f184,中山女中
d6eY15536,達人女中
f27Y1b16c,麗山高中
360Y1f72f,再興高中
f29Y1c700,松山高中
a68Y11a81,明道高中
609Y103f7,惠文高中
adeY15730,竹山高中
f37Y1e70d,慈濟大學附中
9f8Y1a879,瀛海高中
d5eY1cdf6,大灣高中
037Y18102,鳳山高中
8a5Y1e6a9,新興高中
5b2Y169b6,左營高中
0b4Y13509,岡山高中
a54Y1d71d,屏東女中
43fY1b909,臺東女中
c3aG8df64,大同高中
eceG8c0cb,松山高中
303G81044,建國高中
cf8G8419e,成功高中
4ceG88268,延平高中
327G8affe,薇閣高中
445G8dc9c,慧燈高中
b25G85e80,新店高中
33eG8a22e,新莊高中
30cG836d0,成功高中
737G89c0c,永平高中
ab4G8ce73,松山高中
d1aG8e653,中壢高中
719G8a5d9,新竹高中
5a6G8add1,新竹女中
eefG841be,文華高中
982G862a1,文華高中
9f0G8ead7,惠文高中
8edG8cc39,中興大學附中
919G85764,家齊女中
ed0G8a903,高雄女中
5e0G8fad8,高雄師範大學附中
38dG8558a,福智高中
137G8a735,和平高中
90cG878bf,衛理女中
db4G8f0ff,明德高中
e83G87d14,師範大學附中
70bG8c0e9,中和高中
3efG88ab9,高雄市立中正高中
3a7G82fe0,明倫高中
af5G8e7b0,內湖高中
518G84bc9,新店高中
6ebG83b10,文山高中
15dG8de82,蘭陽女中
efeG8ffb2,明倫高中
fd5G8e59a,成功高中
aedG8aca1,薇閣高中
e0fG85de0,政治大學附中
82fG8bf26,內湖高中
84bG86209,內湖高中
282G8256f,中崙高中
9cdG8bdb7,中崙高中
cbaG8aee9,中和高中
73bG82dba,板橋高中
cf4G8fa80,板橋高中
d0dG8e959,板橋高中
0b6G880b2,中崙高中
441G89729,新莊高中
a91G81e71,景美女中
65bG88c1c,桃園高中
2a0G81fe5,彰化高中
0c0G80d96,高雄女中
69fG8fb4e,鳳山高中
b1cG83ada,羅東高中
450G8e523,中山女中
adbG8f84e,南崁高中
c54G8485f,斗六高中
c3dG8fc04,高雄市立中正高中
25dG85a89,羅東高中
b9aG8699e,松山高中
5efG8ac06,松山高中
a6bG8e051,大同高中
bf7G873a1,建國高中
5a6G8436d,景美女中
705G89582,大直高中
774G8f682,板橋高中
785G82c44,板橋高中
3d7G89506,新莊高中
4bfG8e470,永平高中
549G88619,永平高中
046G8293f,永平高中
e8dG83fc6,基隆女中
2d3G8c398,桃園高中
b07G8b274,桃園高中
305G84cbf,中壢高中
f9fG83d58,新竹高中
51cG8d63e,中興大學附中
064G88f60,台中女中
452G8fbae,台中一中高中
78bG81d6e,文華高中
ae6G8e01c,台中女中
896G8e259,高雄女中
ff8G87a92,羅東高中
b8dG87cfe,羅東高中
625G8b16c,和平高中
5d9G8d338,東海大學附中
885G8d608,虎尾高中
7e2G85cac,馬公高中
2a8G8abdb,中和高中
55eG8425b,台北市立陽明高中
ba5G83894,旭光高中
64dG8502b,員林高中
a34G89088,道明高中
65bG8ae81,松山高中
9bfG858d4,大同高中
db1G8c62f,復興實驗高中
1f6G89cc9,新店高中
c5fG8041d,西松高中
52eG8d7e1,成功高中
43fG8afdd,永春高中
d32G86159,內湖高中
ab6G88939,大直高中
8adG8409d,大直高中
b4aG8c1a9,中和高中
b30G8c683,中和高中
20fG83496,中山女中
7aeG8ba18,景美女中
890G8898e,內壢高中
472G84e8c,中壢高中
d44G81a78,新竹高中
cf9G8083c,嘉義高中
eacG88309,嘉義高中
f45G8eb01,家齊女中
49eG8315c,台南一中高中
138G82540,高雄市立三民高中
f6aG89fdf,中山大學附中
793G8ffc0,中山女中
5a3G8153b,海山高中
26dG8a0ce,成德高中
1d2G8febb,花蓮高中
b23G82106,景文高中
66dG8b60e,石碇高中
f90G8fe36,大溪高中
677G81a68,成功高中
62bG8a03d,延平高中
262G8f069,大同高中
3e3G8da31,東山高中
bd0G835ed,景美女中
8a8G8c643,第一女中
0b8G88d3c,基隆女中
7f0G8e8fa,內壢高中
23eG8bb8c,內壢高中
c48G88cff,中壢高中
1ffG85a12,瀛海高中
ed4G8bdbc,高雄高中
3c1G8fd6d,大直高中
336G854fa,成功高中
44aG85d70,復興實驗高中
765G82c08,中正高中
bcbG8d9c9,景美女中
df2G88b9d,板橋高中
4ebG8f64e,內湖高中
5f0G8b1b5,永平高中
6a8G8efe8,武陵高中
846G8e603,中壢高中
5f6G85d2e,啟英高中
84cG83166,新竹女中
7c5G83be5,西苑高中
6f4G80cc3,忠明高中
0b3G89fe7,台中市立東山高中
ab9G8c681,嘉義女中
1d1G85ad1,新營高中
72fG8c0d3,高雄高中
77eG8bd53,麗山高中
b7eG8e617,中崙高中
07cG8a940,成功高中
ccbG84cbf,建國高中
d6cG807d1,延平高中
12eG8935a,板橋高中
c86G887eb,延平高中
a43G8efdf,中和高中
ea3G87b50,麗山高中
656G88498,桃園高中
1ddG89237,中壢高中
ec7G864b3,中壢高中
73eG809d0,弘文高中
ab9G89414,員林高中
3b4G84e56,高雄高中
3fbG868ae,高雄高中
bc3G87fa6,衛道高中
560G8bd49,彰化高中
3d0G8e917,明倫高中
ad3G80b80,內湖高中
92aG8cab7,華江高中
5d1G86e7a,新莊高中
3f9G8d3a0,陽明高中
1ceG8cecc,衛道高中
b88G8020b,台中二中高中
8afG8c0fe,建臺高中
a1bG8a03c,中山女中
e58G80ed1,松山高中
3a8G8444d,延平高中
3f0G843a5,海山高中
20dG85ebd,清水高中
8a8G8a2e0,成淵高中
a48G89729,內湖高中
e2fG85150,桃園高中
5feG859ca,陽明高中
d3eG8f40f,新竹女中
db9G88442,中興大學附中
eeaG834e9,內湖高中
573G85541,新店高中
463G89701,中和高中
592G831c3,基隆女中
32fG81333,內壢高中
95eG870f4,中壢高中
4f9G83d47,復旦高中
053G81c30,新竹高中
613G8c13e,豐原高中
a46G88e7b,彰化高中
8e1G8800b,高雄高中
df9G80967,成淵高中
02eG8b5e1,基隆女中
889G83db4,中壢高中
0b6G8a481,成功高中
994G8cf64,麗山高中
083G88d80,麗山高中
700G816bd,師範大學附中
feaG88175,中和高中
d0aG8c2bf,松山高中
820G85e1f,板橋高中
948G8eed5,成功高中
d62G8177e,內湖高中
760G8b237,武陵高中
e8fG888c9,成功高中
c48G8a179,高雄高中
ebaG86777,薇閣高中
51aG8d5cc,錦和高中
8c8G80fbc,大直高中
0c8G880de,南山高中
05fG8db64,中壢高中
874G8ffb8,建臺高中
981G8977f,中道高中
3e6G8a8c4,南港高中
532G8d5ed,中正高中
28dG87c04,板橋高中
4bbG80d13,正心高中
064G8cae6,花蓮女中
0a4G8402e,海星高中
