"","Timestamp","GitHub username","GitHub repo name"
"1","9/19/2018 17:04:38","Hsinyung","https://github.com/Hsinyung/rPractice"
"2","9/19/2018 17:04:57","shihhanChiu","inclassPractice"
"3","9/19/2018 17:05:56","YixuanWuu","data-science"
"4","9/26/2018 12:23:41","sunnzeng","inClass-Practice"
"5","9/26/2018 17:07:19","MeiHanWang","inClassPractice"
"6","9/26/2018 15:49:01","p0918083591@gmail.com","peterlin612"
"7","9/26/2018 15:50:31","uzra60229","uzra"
"8","9/26/2018 15:50:59","Wenn1e","https://github.com/wenn1e/InClassPractice"
"9","9/26/2018 15:52:15","HaK1484177","dsfvcxzvetw"
"10","9/26/2018 17:08:14","mrgf41077305010","mrgf41077305010"
"11","9/26/2018 17:08:13","suhonglin","suhonglin"
"12","9/26/2018 17:08:21","Chen-Ying-Chen","inclassPractice1"
"13","9/26/2018 17:08:26","tiffany60328","tiffany60328"
"14","9/26/2018 17:08:39","shemchiayu","shemchiayu"
"15","9/26/2018 17:08:45","yienchiu","RPractice"
"16","9/26/2018 17:08:50","AsiaCarry","AsiaCarry"
"17","9/26/2018 17:08:50","eric890520","eric890520"
"18","9/26/2018 17:08:51","yumao0609","class"
"19","9/26/2018 17:09:02","cheinyuxin","cheinyuxin"
"20","9/26/2018 17:09:11","tussock","inclassPractice"
"21","9/26/2018 17:09:15","kk45354","kk45354"
"22","9/26/2018 17:09:20","410478001","410478001"
"23","9/26/2018 17:09:31","sandychen25","0926  (不確定)"
"24","9/26/2018 17:09:41","punpun214","punpun214"
"25","9/26/2018 17:10:03","Ashley3477","DataScience"
"26","9/26/2018 17:10:04","timwaaang","inClassPractice"
"27","9/26/2018 17:10:11","minhungyu","minhungyu"
"28","9/26/2018 17:10:11","jjaaccyy","jjaaccyy"
"29","9/26/2018 17:10:12","nina2089","nina2089"
"30","9/26/2018 17:10:12","winnieteng","inclassPractice"
"31","9/26/2018 17:10:33","us890702","rproject"
"32","9/26/2018 17:11:55","Jennifer881018","https://github.com/Jennifer881018/RPractice"
"33","9/26/2018 17:10:52","Yinghsuan726","Yinghsuan726"
"34","9/26/2018 17:11:03","Lihsin0816","inclassProject"
"35","9/26/2018 17:13:24","AlvinKWT98","https://github.com/AlvinKWT98/inclassPratice"
"36","9/26/2018 17:14:28","Niki89810","https://github.com/Niki89810/ProjectOfNiki"
"37","9/26/2018 17:18:43","talese20248","Jettie"
"38","9/26/2018 17:15:20","wuyitung","https://github.com/wuyitung/Rpractice"
"39","9/26/2018 17:16:14","Sunny941620","Sunny941620"
"40","9/26/2018 17:17:01","lifeisfuckinghard","lifeisfuckinghard"
"41","9/26/2018 17:17:57","mimi989886","mimi989886"
"42","9/26/2018 22:36:45","Rex1106","start"
"43","9/27/2018 0:08:36","HungTzuChung","https://github.com/HungTzuChung/Rproject"
